,recipe_urls
0,https://www.jamieoliver.com/recipes/pasta-recipes/veggie-pasta-bake/
1,https://www.jamieoliver.com/recipes/rice-recipes/magic-baked-chicken-fried-rice/
2,https://www.jamieoliver.com/recipes/chicken-recipes/garlic-chicken/
3,https://www.jamieoliver.com/recipes/chicken-recipes/chicken-chips/
4,https://www.jamieoliver.com/recipes/pasta-recipes/sweet-pea-orecchiette/
5,https://www.jamieoliver.com/recipes/fruit-recipes/island-salad/
6,https://www.jamieoliver.com/recipes/steak-recipes/herby-steak-crispy-potatoes/
7,https://www.jamieoliver.com/recipes/chicken-recipes/lemon-tzatziki-chicken/
8,https://www.jamieoliver.com/recipes/vegetable-recipes/minty-courgette-tart/
9,https://www.jamieoliver.com/recipes/vegetable-recipes/asparagus-stir-fry/
10,https://www.jamieoliver.com/recipes/fish-recipes/sweet-potato-fishcakes/
11,https://www.jamieoliver.com/recipes/chicken-recipes/spring-chicken-stew/
12,https://www.jamieoliver.com/recipes/chicken-recipes/chicken-goujons/
13,https://www.jamieoliver.com/recipes/vegetable-recipes/sweet-and-sour-stir-fry/
14,https://www.jamieoliver.com/recipes/pasta-recipes/sardine-spaghetti/
15,https://www.jamieoliver.com/recipes/vegetable-recipes/mexican-style-roasted-veg-ragu/
16,https://www.jamieoliver.com/recipes/avocado-recipes/avocado-and-broccoli-tacos/
17,https://www.jamieoliver.com/recipes/lamb-recipes/lovely-lamb-balti/
18,https://www.jamieoliver.com/recipes/beef-recipes/harissa-meatball-wraps/
19,https://www.jamieoliver.com/recipes/vegetable-recipes/jacket-spuds-and-homemade-beans/
20,https://www.jamieoliver.com/recipes/pasta-recipes/rocket-and-pistachio-pesto-pasta/
21,https://www.jamieoliver.com/recipes/vegetable-recipes/potato-pepper-and-broccoli-frittata/
22,https://www.jamieoliver.com/recipes/fish-recipes/fantastic-fish-skewers/
23,https://www.jamieoliver.com/recipes/vegetable-recipes/smoky-veg-patties/
24,https://www.jamieoliver.com/recipes/lamb-recipes/lamb-and-chunky-veg-steamed-pudding/
25,https://www.jamieoliver.com/recipes/vegetable-recipes/5-a-day-spiced-veg-stew/
26,https://www.jamieoliver.com/recipes/pasta-recipes/quick-seafood-pasta/
27,https://www.jamieoliver.com/recipes/pasta-recipes/one-pan-veggie-lasagne/
28,https://www.jamieoliver.com/recipes/fish-recipes/fish-finger-tacos/
29,https://www.jamieoliver.com/recipes/squid-recipes/chargrilled-squid-and-cannellini-beans/
30,https://www.jamieoliver.com/recipes/vegetable-recipes/spinach-feta-and-lemon-filo-pie/
31,https://www.jamieoliver.com/recipes/mushroom-recipes/gnarly-oven-baked-mushrooms/
32,https://www.jamieoliver.com/recipes/cauliflower-recipes/whole-roasted-spiced-cauli/
33,https://www.jamieoliver.com/recipes/chicken-recipes/chicken-satay-style-noodle-salad/
34,https://www.jamieoliver.com/recipes/rice-recipes/vivid-green-risotto/
35,https://www.jamieoliver.com/recipes/rice-recipes/katsu-style-tofu-rice-bowl/
36,https://www.jamieoliver.com/recipes/vegetable-recipes/roasted-sweet-potato-burrito/
37,https://www.jamieoliver.com/recipes/pasta-recipes/cheats-squash-pasta/
38,https://www.jamieoliver.com/recipes/duck-recipes/roast-duck-with-marsala-gravy/
39,https://www.jamieoliver.com/recipes/vegetable-recipes/best-ever-brussels-sprouts/
40,https://www.jamieoliver.com/recipes/pasta-recipes/beautiful-courgette-penne-carbonara/
41,https://www.jamieoliver.com/recipes/vegetable-recipes/roasted-black-bean-burgers/
42,https://www.jamieoliver.com/recipes/chicken-recipes/chicken-tofu-noodle-soup/
43,https://www.jamieoliver.com/recipes/egg-recipes/spring-frittata/
44,https://www.jamieoliver.com/recipes/pasta-recipes/mushroom-farfalle/
45,https://www.jamieoliver.com/recipes/fish-recipes/baked-whole-trout/
46,https://www.jamieoliver.com/recipes/egg-recipes/arnold-bennett-frittata/
47,https://www.jamieoliver.com/recipes/lamb-recipes/lamb-meatballs/
48,https://www.jamieoliver.com/recipes/beef-recipes/swedish-meatballs/
49,https://www.jamieoliver.com/recipes/chicken-recipes/crispy-polenta-chicken-caesar-salad/
50,https://www.jamieoliver.com/recipes/rice-recipes/ultimate-mushroom-risotto/
51,https://www.jamieoliver.com/recipes/chicken-recipes/chicken-katsu-curry/
52,https://www.jamieoliver.com/recipes/vegetable-recipes/mixed-greens-filo-pie/
53,https://www.jamieoliver.com/recipes/salmon-recipes/roasted-salmon-artichokes/
54,https://www.jamieoliver.com/recipes/pasta-recipes/12-minute-spaghettini/
55,https://www.jamieoliver.com/recipes/pasta-recipes/slow-cooked-courgette-and-pine-nut-pasta/
56,https://www.jamieoliver.com/recipes/pasta-recipes/cracker-ravioli/
57,https://www.jamieoliver.com/recipes/fish-recipes/sicilian-fish-bake/
58,https://www.jamieoliver.com/recipes/vegetable-recipes/black-bean-burgers/
59,https://www.jamieoliver.com/recipes/eggs-recipes/spanish-tortilla/
60,https://www.jamieoliver.com/recipes/pork-recipes/tomato-red-wine-chorizo-risotto/
61,https://www.jamieoliver.com/recipes/stew-recipes/venison-shanks-juniper-amp-redcurrants/
62,https://www.jamieoliver.com/recipes/rice-recipes/mexican-inspired-bowl/
63,https://www.jamieoliver.com/recipes/lamb-recipes/balsamic-lamb-shoulder/
64,https://www.jamieoliver.com/recipes/vegetables-recipes/roasted-brassicas-with-puy-lentils-halloumi/
65,https://www.jamieoliver.com/recipes/fish-recipes/quick-fish-cakes/
66,https://www.jamieoliver.com/recipes/fish-recipes/asian-salmon-sweet-potato-traybake/
67,https://www.jamieoliver.com/recipes/vegetables-recipes/sliced-fennel-orange-almond-salad/
68,https://www.jamieoliver.com/recipes/vegetables-recipes/roasted-squash-couscous-salad/
69,https://www.jamieoliver.com/recipes/chicken-recipes/chicken-in-a-pot/
70,https://www.jamieoliver.com/recipes/rice-recipes/wild-rice-salad/
71,https://www.jamieoliver.com/recipes/beef-recipes/mash-topped-beef-guinness-pie/
72,https://www.jamieoliver.com/recipes/seafood-recipes/thai-style-mussels/
73,https://www.jamieoliver.com/recipes/chicken-recipes/chicken-milanese-with-spaghetti/
74,https://www.jamieoliver.com/recipes/pasta-recipes/tomato-caper-linguine/
75,https://www.jamieoliver.com/recipes/beef-recipes/black-blushing-worcestershire-fillet/
76,https://www.jamieoliver.com/recipes/chicken-recipes/spring-chicken-pie/
77,https://www.jamieoliver.com/recipes/lamb-recipes/lamb-chickpea-curry/
78,https://www.jamieoliver.com/recipes/vegetables-recipes/minestrone-soup/
79,https://www.jamieoliver.com/recipes/chicken-recipes/roast-chicken-with-potatoes-carrots/
80,https://www.jamieoliver.com/recipes/fish-recipes/salmon-pesto-dressed-veg/
81,https://www.jamieoliver.com/recipes/vegetables-recipes/veggie-noodle-stir-fry/
82,https://www.jamieoliver.com/recipes/eggs-recipes/simple-cheese-omelette/
83,https://www.jamieoliver.com/recipes/chicken-recipes/chicken-broth-with-tortellini/
84,https://www.jamieoliver.com/recipes/pasta-recipes/christmas-carbonara/
85,https://www.jamieoliver.com/recipes/pork-recipes/bean-curd-with-lau-s-spicy-ma-po-sauce/
86,https://www.jamieoliver.com/recipes/cheese-recipes/griddled-vegetables-feta-with-tabbouleh/
87,https://www.jamieoliver.com/recipes/chicken-recipes/chicken-wings-agrodolce-style/
88,https://www.jamieoliver.com/recipes/chicken-recipes/southern-italian-style-chicken/
89,https://www.jamieoliver.com/recipes/chicken-recipes/jamie-s-sweet-sour-chicken/
90,https://www.jamieoliver.com/recipes/vegetables-recipes/roasted-root-vegetable-amp-squash-stew-with-herby-couscous/
91,https://www.jamieoliver.com/recipes/uncategorised-recipes/salt-pepper-tofu-skewers/
92,https://www.jamieoliver.com/recipes/fish-recipes/sri-lankan-style-monkfish-curry/
93,https://www.jamieoliver.com/recipes/vegetables-recipes/baked-sweet-potatoes-avocado-queso-fresco/
94,https://www.jamieoliver.com/recipes/fish-recipes/lemon-sole-with-chipotle-ancho-chilli-recado/
95,https://www.jamieoliver.com/recipes/chicken-recipes/chilli-chicken-with-drunken-pinto-beans/
96,https://www.jamieoliver.com/recipes/chicken-recipes/spring-chicken-citrus-stew/
97,https://www.jamieoliver.com/recipes/vegetables-recipes/simple-veggie-tofu-stir-fry/
98,https://www.jamieoliver.com/recipes/chicken-recipes/mustard-chicken-milanese/
99,https://www.jamieoliver.com/recipes/fish-recipes/red-mullet-with-jewelled-wild-rice/
100,https://www.jamieoliver.com/recipes/seafood-recipes/fried-clams-with-thai-noodles/
101,https://www.jamieoliver.com/recipes/pork-recipes/ham-peas/
102,https://www.jamieoliver.com/recipes/vegetables-recipes/yellow-split-pea-aubergine-stew/
103,https://www.jamieoliver.com/recipes/chicken-recipes/chicken-spring-green-bun-cha/
104,https://www.jamieoliver.com/recipes/fish-recipes/salmon-with-rhubarb-sauce-tarragon-mayo/
105,https://www.jamieoliver.com/recipes/chicken-recipes/super-simple-chicken-curry-traybake/
106,https://www.jamieoliver.com/recipes/lamb-recipes/rosemary-garlic-lamb-shoulder/
107,https://www.jamieoliver.com/recipes/fish-recipes/roasted-salmon-summer-veg-traybake/
108,https://www.jamieoliver.com/recipes/seafood-recipes/sticky-sesame-prawns/
109,https://www.jamieoliver.com/recipes/fish-recipes/dab-asparagus-bake/
110,https://www.jamieoliver.com/recipes/pasta-recipes/sausage-pasta-bake/
111,https://www.jamieoliver.com/recipes/chicken-recipes/spicy-sticky-chicken/
112,https://www.jamieoliver.com/recipes/game-recipes/bacon-wrapped-roast-partridge-pork-stuffing-lentils/
113,https://www.jamieoliver.com/recipes/game-recipes/slow-cooked-pigeon/
114,https://www.jamieoliver.com/recipes/vegetables-recipes/farro-cauliflower-amp-asparagus-salad/
115,https://www.jamieoliver.com/recipes/chicken-recipes/chicken-lentil-salad-with-caper-dressing/
116,https://www.jamieoliver.com/recipes/game-recipes/chichinga-suya-goat-kebabs/
117,https://www.jamieoliver.com/recipes/game-recipes/goat-ragu/
118,https://www.jamieoliver.com/recipes/game-recipes/ghanaian-goat-shoko/
119,https://www.jamieoliver.com/recipes/vegetables-recipes/asian-vegetable-broth/
120,https://www.jamieoliver.com/recipes/chicken-recipes/hot-sour-chicken-broth/
121,https://www.jamieoliver.com/recipes/eggs-recipes/sweet-potato-blue-cheese-frittata/
122,https://www.jamieoliver.com/recipes/vegetables-recipes/butternut-squash-dal/
123,https://www.jamieoliver.com/recipes/pasta-recipes/spinach-lasagne/
124,https://www.jamieoliver.com/recipes/vegetables-recipes/potato-rostis-with-beetroot-horseradish/
125,https://www.jamieoliver.com/recipes/fish-recipes/super-green-salad-with-crispy-mackerel/
126,https://www.jamieoliver.com/recipes/lamb-recipes/irish-stew/
127,https://www.jamieoliver.com/recipes/chicken-recipes/chicken-noodle-soup/
128,https://www.jamieoliver.com/recipes/vegetables-recipes/miso-soup-with-tofu-cabbage/
129,https://www.jamieoliver.com/recipes/bread-recipes/easy-spelt-pizza/
130,https://www.jamieoliver.com/recipes/vegetables-recipes/sweet-potato-white-bean-chilli/
131,https://www.jamieoliver.com/recipes/seafood-recipes/clear-asian-noodle-soup-with-prawns/
132,https://www.jamieoliver.com/recipes/vegetables-recipes/chilled-avocado-soup-with-tortilla-chips/
133,https://www.jamieoliver.com/recipes/vegetables-recipes/sweet-potato-coconut-cardamom-soup/
134,https://www.jamieoliver.com/recipes/vegetables-recipes/beetroot-amp-tomato-borscht/
135,https://www.jamieoliver.com/recipes/pasta-recipes/spring-veg-pasta/
136,https://www.jamieoliver.com/recipes/vegetables-recipes/vegetable-tartlets/
137,https://www.jamieoliver.com/recipes/cheese-recipes/socca-pancakes-with-broccoli-cheese/
138,https://www.jamieoliver.com/recipes/chicken-recipes/asian-chicken-rice-balls-broth/
139,https://www.jamieoliver.com/recipes/seafood-recipes/nathan-outlaw-s-seafood-burger/
140,https://www.jamieoliver.com/recipes/pork-recipes/pork-black-beans/
141,https://www.jamieoliver.com/recipes/vegetables-recipes/rojak/
142,https://www.jamieoliver.com/recipes/fish-recipes/trout-with-ham-and-cider/
143,https://www.jamieoliver.com/recipes/fish-recipes/salmon-with-young-garlic-amp-tomato-sauce/
144,https://www.jamieoliver.com/recipes/eggs-recipes/quiche-leekraine/
145,https://www.jamieoliver.com/recipes/fish-recipes/keralan-fish-curry/
146,https://www.jamieoliver.com/recipes/seafood-recipes/malabar-prawn-curry/
147,https://www.jamieoliver.com/recipes/pork-recipes/pork-tonkatsu-and-noodles/
148,https://www.jamieoliver.com/recipes/eggs-recipes/mexican-refried-beans/
149,https://www.jamieoliver.com/recipes/seafood-recipes/asian-seafood-salad-with-yuzu-amp-sesame-dressing/
150,https://www.jamieoliver.com/recipes/pasta-recipes/spaghetti-atterrati/
151,https://www.jamieoliver.com/recipes/vegetables-recipes/celeriac-quince-soup/
152,https://www.jamieoliver.com/recipes/bread-recipes/gluten-free-spring-flatbread-pizzas/
153,https://www.jamieoliver.com/recipes/vegetables-recipes/raw-vegan-spag-bol/
154,https://www.jamieoliver.com/recipes/chicken-recipes/chicken-paella/
155,https://www.jamieoliver.com/recipes/beef-recipes/blue-cheese-apple-burger/
156,https://www.jamieoliver.com/recipes/beef-recipes/beef-amp-quince-stew/
157,https://www.jamieoliver.com/recipes/seafood-recipes/spanish-style-prawns-with-fennel/
158,https://www.jamieoliver.com/recipes/seafood-recipes/prawn-chorizo-orzo/
159,https://www.jamieoliver.com/recipes/beef-recipes/beef-stifado/
160,https://www.jamieoliver.com/recipes/pasta-recipes/pasta-and-green-olives/
161,https://www.jamieoliver.com/recipes/pasta-recipes/world-s-most-elegant-winter-pasta/
162,https://www.jamieoliver.com/recipes/beef-recipes/chianti-crudo/
163,https://www.jamieoliver.com/recipes/beef-recipes/beef-tacos/
164,https://www.jamieoliver.com/recipes/bread-recipes/quick-grilled-pizza/
165,https://www.jamieoliver.com/recipes/fish-recipes/lemon-sole-with-runner-beans/
166,https://www.jamieoliver.com/recipes/vegetables-recipes/tofu-chickpea-curry-with-spring-greens/
167,https://www.jamieoliver.com/recipes/vegetables-recipes/spiced-aubergine-amp-coconut-curry/
168,https://www.jamieoliver.com/recipes/pasta-recipes/zesty-sardine-purple-kale-spaghetti/
169,https://www.jamieoliver.com/recipes/chicken-recipes/leftover-chicken-with-tomatoes-amp-crispy-chorizo/
170,https://www.jamieoliver.com/recipes/cheese-recipes/summer-vegetable-goat-s-cheese-frittata/
171,https://www.jamieoliver.com/recipes/pasta-recipes/sicilian-spaghetti-alla-norma/
172,https://www.jamieoliver.com/recipes/fish-recipes/super-speedy-steamed-salmon/
173,https://www.jamieoliver.com/recipes/fish-recipes/spiced-sea-bass-with-caramelised-fennel/
174,https://www.jamieoliver.com/recipes/chicken-recipes/roast-chicken-for-two/
175,https://www.jamieoliver.com/recipes/fish-recipes/swordfish-cherry-tomatoes-amp-capers/
176,https://www.jamieoliver.com/recipes/beef-recipes/beef-stroganoff/
177,https://www.jamieoliver.com/recipes/fish-recipes/monkfish-with-spinach-feta/
178,https://www.jamieoliver.com/recipes/seafood-recipes/mussels-with-guinness/
179,https://www.jamieoliver.com/recipes/vegetables-recipes/pepper-noodle-salad/
180,https://www.jamieoliver.com/recipes/pasta-recipes/pappardelle-with-peas-broad-beans-pecorino/
181,https://www.jamieoliver.com/recipes/pork-recipes/cumberland-sausage-casserole/
182,https://www.jamieoliver.com/recipes/vegetables-recipes/pistou-soup/
183,https://www.jamieoliver.com/recipes/vegetables-recipes/garlic-mushroom-burgers/
184,https://www.jamieoliver.com/recipes/seafood-recipes/fennel-crab-orange-salad/
185,https://www.jamieoliver.com/recipes/game-recipes/spanish-rabbit-stew/
186,https://www.jamieoliver.com/recipes/beef-recipes/grilled-picanha-with-butternut-squash/
187,https://www.jamieoliver.com/recipes/fish-recipes/japanese-grilled-salmon-seaweed-salad/
188,https://www.jamieoliver.com/recipes/game-recipes/spaghetti-with-wood-pigeon-ragu/
189,https://www.jamieoliver.com/recipes/seafood-recipes/creamy-seafood-lasagne/
190,https://www.jamieoliver.com/recipes/game-recipes/wild-rabbit-stew/
191,https://www.jamieoliver.com/recipes/pork-recipes/pork-fried-noodles/
192,https://www.jamieoliver.com/recipes/beef-recipes/jamie-s-flash-steak/
193,https://www.jamieoliver.com/recipes/game-recipes/sweet-amp-sticky-roast-quail/
194,https://www.jamieoliver.com/recipes/game-recipes/pheasant-stew-with-chestnut-dumplings/
195,https://www.jamieoliver.com/recipes/fish-recipes/salmon-nicoise/
196,https://www.jamieoliver.com/recipes/fish-recipes/fish-soup/
197,https://www.jamieoliver.com/recipes/seafood-recipes/simple-noodle-soup/
198,https://www.jamieoliver.com/recipes/vegetables-recipes/pumpkin-ginger-soup/
199,https://www.jamieoliver.com/recipes/pasta-recipes/spinach-amp-tortellini-soup/
200,https://www.jamieoliver.com/recipes/vegetables-recipes/asparagus-frittata/
201,https://www.jamieoliver.com/recipes/vegetables-recipes/super-food-noodle-salad/
202,https://www.jamieoliver.com/recipes/cheese-recipes/mushroom-tunworth-cheese-pies/
203,https://www.jamieoliver.com/recipes/beef-recipes/spiced-beef-rice-hot-pot/
204,https://www.jamieoliver.com/recipes/chicken-recipes/super-roast-chicken-chips/
205,https://www.jamieoliver.com/recipes/eggs-recipes/quiche-lorraine-with-carrot-parsley-salad/
206,https://www.jamieoliver.com/recipes/lamb-recipes/crusted-lamb-rack-with-rhubarb/
207,https://www.jamieoliver.com/recipes/beef-recipes/oxtail-stew/
208,https://www.jamieoliver.com/recipes/chicken-recipes/indian-spiced-potatoes-with-chicken-thighs/
209,https://www.jamieoliver.com/recipes/pork-recipes/collar-of-bacon/
210,https://www.jamieoliver.com/recipes/fish-recipes/irish-potato-cakes/
211,https://www.jamieoliver.com/recipes/fish-recipes/barbecued-trout-in-newspaper/
212,https://www.jamieoliver.com/recipes/pork-recipes/royal-barbecued-pork-loin/
213,https://www.jamieoliver.com/recipes/pork-recipes/barbecue-ribs/
214,https://www.jamieoliver.com/recipes/pork-recipes/anna-friel-s-balinese-pork-stew/
215,https://www.jamieoliver.com/recipes/beef-recipes/mega-meatball-sub/
216,https://www.jamieoliver.com/recipes/seafood-recipes/lobster-burger/
217,https://www.jamieoliver.com/recipes/lamb-recipes/lamb-cheese-pie/
218,https://www.jamieoliver.com/recipes/fish-recipes/fish-stew/
219,https://www.jamieoliver.com/recipes/lamb-recipes/tah-chin/
220,https://www.jamieoliver.com/recipes/chicken-recipes/food-allergy-mums-chicken-casserole/
221,https://www.jamieoliver.com/recipes/seafood-recipes/oyster-po-boy/
222,https://www.jamieoliver.com/recipes/pork-recipes/maple-glazed-pork-spare-ribs/
223,https://www.jamieoliver.com/recipes/chicken-recipes/the-best-kentucky-style-fried-chicken/
224,https://www.jamieoliver.com/recipes/beef-recipes/jamie-s-meatloaf/
225,https://www.jamieoliver.com/recipes/seafood-recipes/grilled-lobster-rolls/
226,https://www.jamieoliver.com/recipes/chicken-recipes/chicken-amp-herb-biscuits/
227,https://www.jamieoliver.com/recipes/duck-recipes/duck-ceviche/
228,https://www.jamieoliver.com/recipes/lamb-recipes/spring-lamb-kebabs/
229,https://www.jamieoliver.com/recipes/vegetables-recipes/spring-pie/
230,https://www.jamieoliver.com/recipes/lamb-recipes/leg-of-lamb-with-amazing-gravy/
231,https://www.jamieoliver.com/recipes/pasta-recipes/double-whammy-arrabbiata/
232,https://www.jamieoliver.com/recipes/seafood-recipes/squid-with-tamarind-recado-amp-pineapple-salsa/
233,https://www.jamieoliver.com/recipes/chicken-recipes/chicken-panzanella/
234,https://www.jamieoliver.com/recipes/seafood-recipes/seafood-paella/
235,https://www.jamieoliver.com/recipes/seafood-recipes/seafood-stew-with-saffron-mayo-amp-pepper-marmalade/
236,https://www.jamieoliver.com/recipes/vegetables-recipes/warm-potato-salad-with-capers-and-rocket/
237,https://www.jamieoliver.com/recipes/seafood-recipes/summery-pea-soup-with-turmeric-scallops/
238,https://www.jamieoliver.com/recipes/lamb-recipes/lamb-chops-with-ratatouille/
239,https://www.jamieoliver.com/recipes/fish-recipes/tomato-black-olive-feta-amp-anchovy-tart/
240,https://www.jamieoliver.com/recipes/seafood-recipes/charred-prawns-in-a-sweet-aubergine-sauce/
241,https://www.jamieoliver.com/recipes/duck-recipes/duck-rillettes/
242,https://www.jamieoliver.com/recipes/chicken-recipes/braised-spring-chicken/
243,https://www.jamieoliver.com/recipes/fish-recipes/punchy-salmon-salad/
244,https://www.jamieoliver.com/recipes/chicken-recipes/kurnik/
245,https://www.jamieoliver.com/recipes/fish-recipes/vietnamese-fish-hot-pot-ca-kho-to/
246,https://www.jamieoliver.com/recipes/vegetables-recipes/mexican-black-bean-burgers-with-lime-amp-coriander/
247,https://www.jamieoliver.com/recipes/beef-recipes/cevapi-with-ajvar/
248,https://www.jamieoliver.com/recipes/eggs-recipes/omelette-aux-fines-herbes/
249,https://www.jamieoliver.com/recipes/game-recipes/bertie-s-minervois-lapin/
250,https://www.jamieoliver.com/recipes/seafood-recipes/prawn-amp-coconut-curry/
251,https://www.jamieoliver.com/recipes/seafood-recipes/spicy-prawn-curry-with-quick-pilau-rice/
252,https://www.jamieoliver.com/recipes/lamb-recipes/lamb-boti-kabab/
253,https://www.jamieoliver.com/recipes/eggs-recipes/kale-fried-chorizo-amp-crusty-croutons-with-a-poached-egg/
254,https://www.jamieoliver.com/recipes/pork-recipes/sausage-kale-ricotta-bake/
255,https://www.jamieoliver.com/recipes/pork-recipes/kale-sausage-stew/
256,https://www.jamieoliver.com/recipes/lamb-recipes/parsi-salli-boti/
257,https://www.jamieoliver.com/recipes/chicken-recipes/chicken-tandoor-style-kebabs/
258,https://www.jamieoliver.com/recipes/game-recipes/venison-dopiaza/
259,https://www.jamieoliver.com/recipes/duck-recipes/crispy-duck-with-fire-roasted-plum-sauce/
260,https://www.jamieoliver.com/recipes/duck-recipes/spicy-salt-duck/
261,https://www.jamieoliver.com/recipes/pasta-recipes/casarecce-with-broccoli-anchovies/
262,https://www.jamieoliver.com/recipes/beef-recipes/involtini-di-manzo/
263,https://www.jamieoliver.com/recipes/rice-recipes/pea-mint-amp-basil-arancini-cakes/
264,https://www.jamieoliver.com/recipes/pasta-recipes/penne-in-salsa-di-cipolle-penne-with-onion-sauce/
265,https://www.jamieoliver.com/recipes/pork-recipes/sticky-pork-noodles/
266,https://www.jamieoliver.com/recipes/vegetables-recipes/spicy-grilled-vegetable-rolls-chickpea-salad/
267,https://www.jamieoliver.com/recipes/pasta-recipes/spaghetti-aglio-olio-spring-greens/
268,https://www.jamieoliver.com/recipes/beef-recipes/saltimbocca-alla-romana/
269,https://www.jamieoliver.com/recipes/pasta-recipes/tortellini-in-brodo/
270,https://www.jamieoliver.com/recipes/pork-recipes/ham-ribollita/
271,https://www.jamieoliver.com/recipes/lamb-recipes/sicilian-meatballs-al-forno/
272,https://www.jamieoliver.com/recipes/lamb-recipes/butterflied-leg-of-lamb-with-mexican-style-marinade/
273,https://www.jamieoliver.com/recipes/beef-recipes/chilli-con-carne-with-popping-kidney-beans/
274,https://www.jamieoliver.com/recipes/beef-recipes/pulled-brisket-chilli/
275,https://www.jamieoliver.com/recipes/chicken-recipes/cajun-roast-chicken-veg-spicy-gravy/
276,https://www.jamieoliver.com/recipes/vegetable-recipes/super-noodle-ramen-with-kale-barbecue-mushrooms/
277,https://www.jamieoliver.com/recipes/beef-recipes/sizzling-steak-stir-fry/
278,https://www.jamieoliver.com/recipes/vegetable-recipes/spicy-corn-chickpea-burgers/
279,https://www.jamieoliver.com/recipes/rice-recipes/oozy-courgette-risotto/
280,https://www.jamieoliver.com/recipes/chicken-recipes/wine-braised-chicken-with-roasted-grapes/
281,https://www.jamieoliver.com/recipes/pork-recipes/quail-sausage-skewers-with-celeriac/
282,https://www.jamieoliver.com/recipes/duck-recipes/roast-duck-leg-cherry-watercress-amp-feta-salad/
283,https://www.jamieoliver.com/recipes/lamb-recipes/beautiful-lamb-shanks/
284,https://www.jamieoliver.com/recipes/pork-recipes/pork-afelia/
285,https://www.jamieoliver.com/recipes/chicken-recipes/gurkha-chicken-curry/
286,https://www.jamieoliver.com/recipes/game-recipes/rabbit-ragu/
287,https://www.jamieoliver.com/recipes/vegetables-recipes/broccoli-soup/
288,https://www.jamieoliver.com/recipes/pasta-recipes/pasta-with-aubergine-tomato-sauce/
289,https://www.jamieoliver.com/recipes/beef-recipes/beef-brisket-with-red-wine-shallots/
290,https://www.jamieoliver.com/recipes/vegetables-recipes/spiced-parsnip-amp-lentil-soup-with-chilli-oil/
291,https://www.jamieoliver.com/recipes/fish-recipes/hake-with-braised-artichokes-peas-amp-bacon/
292,https://www.jamieoliver.com/recipes/eggs-recipes/epic-egg-salad/
293,https://www.jamieoliver.com/recipes/fish-recipes/fennel-roasted-salmon-with-soft-boiled-eggs/
294,https://www.jamieoliver.com/recipes/pork-recipes/black-pudding-crumpets/
295,https://www.jamieoliver.com/recipes/pork-recipes/haggis-scotch-eggs/
296,https://www.jamieoliver.com/recipes/game-recipes/venison-steak-frites/
297,https://www.jamieoliver.com/recipes/vegetables-recipes/picnic-pie/
298,https://www.jamieoliver.com/recipes/chicken-recipes/one-tray-bake/
299,https://www.jamieoliver.com/recipes/vegetables-recipes/chickpea-flour-pancakes-with-salad-chutney/
300,https://www.jamieoliver.com/recipes/vegetables-recipes/sprouting-super-salad/
301,https://www.jamieoliver.com/recipes/vegetables-recipes/bulgur-amp-lentil-salad/
302,https://www.jamieoliver.com/recipes/chicken-recipes/chicken-green-mango-thai-salad/
303,https://www.jamieoliver.com/recipes/game-recipes/partridge-kyiv/
304,https://www.jamieoliver.com/recipes/beef-recipes/grilled-veal-with-welsh-rarebit/
305,https://www.jamieoliver.com/recipes/game-recipes/game-bird-salad-with-horseradish-dressing/
306,https://www.jamieoliver.com/recipes/game-recipes/arrosto-misto/
307,https://www.jamieoliver.com/recipes/rice-recipes/david-tennant-s-croatian-style-cuttlefish-risotto/
308,https://www.jamieoliver.com/recipes/fish-recipes/warm-mackerel-potato-salad/
309,https://www.jamieoliver.com/recipes/vegetables-recipes/post-gym-super-salad/
310,https://www.jamieoliver.com/recipes/pork-recipes/caldo-verde/
311,https://www.jamieoliver.com/recipes/vegetables-recipes/classic-minestrone/
312,https://www.jamieoliver.com/recipes/fish-recipes/mexican-fish-tacos/
313,https://www.jamieoliver.com/recipes/vegetables-recipes/baked-potato-soup/
314,https://www.jamieoliver.com/recipes/vegetables-recipes/parsnip-sage-white-bean-soup/
315,https://www.jamieoliver.com/recipes/chicken-recipes/healthy-chicken-caesar/
316,https://www.jamieoliver.com/recipes/chicken-recipes/moroccan-style-roast-chicken/
317,https://www.jamieoliver.com/recipes/fish-recipes/five-spice-salmon-tacos/
318,https://www.jamieoliver.com/recipes/fish-recipes/baked-sole-goujons/
319,https://www.jamieoliver.com/recipes/vegetables-recipes/stilton-pear-gnocchi/
320,https://www.jamieoliver.com/recipes/eggs-recipes/stilton-amp-sprouting-broccoli-frittata/
321,https://www.jamieoliver.com/recipes/vegetables-recipes/healthy-greens-box/
322,https://www.jamieoliver.com/recipes/turkey-recipes/turkey-kofte/
323,https://www.jamieoliver.com/recipes/turkey-recipes/the-hix-turkey-burger/
324,https://www.jamieoliver.com/recipes/lamb-recipes/spiced-lamb-flatbreads/
325,https://www.jamieoliver.com/recipes/pasta-recipes/goldie-hawn-s-fettuccine-alfredo/
326,https://www.jamieoliver.com/recipes/seafood-recipes/essex-gumbo/
327,https://www.jamieoliver.com/recipes/bread-recipes/quick-flatbreads-with-avocado-feta/
328,https://www.jamieoliver.com/recipes/pasta-recipes/salsa-spaghetti/
329,https://www.jamieoliver.com/recipes/fish-recipes/pomegranate-glazed-mackerel-with-satsuma-fennel-salad/
330,https://www.jamieoliver.com/recipes/seafood-recipes/asian-style-seafood-parcels/
331,https://www.jamieoliver.com/recipes/lamb-recipes/orlando-bloom-s-lamb-shank-tagine/
332,https://www.jamieoliver.com/recipes/eggs-recipes/duck-egg-frittata-with-peas-beans/
333,https://www.jamieoliver.com/recipes/vegetables-recipes/courgette-spaghetti-with-rocket-pesto/
334,https://www.jamieoliver.com/recipes/fish-recipes/warm-potato-herring-beetroot-apple-salad/
335,https://www.jamieoliver.com/recipes/fish-recipes/awesome-asian-fish-stew/
336,https://www.jamieoliver.com/recipes/fish-recipes/shellfish-cider-stew/
337,https://www.jamieoliver.com/recipes/turkey-recipes/jamie-s-easy-turkey/
338,https://www.jamieoliver.com/recipes/fish-recipes/baked-pollock/
339,https://www.jamieoliver.com/recipes/fish-recipes/herring-tacos/
340,https://www.jamieoliver.com/recipes/vegetables-recipes/sweet-potato-chickpea-amp-spinach-curry/
341,https://www.jamieoliver.com/recipes/vegetables-recipes/seven-veg-tagine/
342,https://www.jamieoliver.com/recipes/pasta-recipes/prawn-courgette-spaghetti/
343,https://www.jamieoliver.com/recipes/pork-recipes/pork-spring-green-black-bean-stir-fry/
344,https://www.jamieoliver.com/recipes/vegetables-recipes/veggie-fish-finger-sandwiches/
345,https://www.jamieoliver.com/recipes/pasta-recipes/veggie-carbonara/
346,https://www.jamieoliver.com/recipes/rice-recipes/rice-peas-with-jerk-roasted-veg/
347,https://www.jamieoliver.com/recipes/vegetables-recipes/rice-lentil-stuffed-aubergines/
348,https://www.jamieoliver.com/recipes/vegetables-recipes/curried-cauli-potatoes-chickpeas-spinach/
349,https://www.jamieoliver.com/recipes/vegetables-recipes/chickpea-curry/
350,https://www.jamieoliver.com/recipes/pork-recipes/ham-leek-quiche/
351,https://www.jamieoliver.com/recipes/chicken-recipes/mexican-chicken-chilli/
352,https://www.jamieoliver.com/recipes/rice-recipes/brown-rice-bowl/
353,https://www.jamieoliver.com/recipes/turkey-recipes/turkey-coconut-milk-soup/
354,https://www.jamieoliver.com/recipes/egg-recipes/broccoli-boiled-egg-salad-with-anchovies-chillis-croutons/
355,https://www.jamieoliver.com/recipes/turkey-recipes/christmas-mulligatawny-soup/
356,https://www.jamieoliver.com/recipes/pork-recipes/porchetta-di-davida/
357,https://www.jamieoliver.com/recipes/chicken-recipes/chicken-mole/
358,https://www.jamieoliver.com/recipes/beef-recipes/poached-beef-with-herb-vinaigrette-leeks/
359,https://www.jamieoliver.com/recipes/fish-recipes/christmas-jerk-gravadlax/
360,https://www.jamieoliver.com/recipes/beef-recipes/chestnut-porcini-crusted-veal-rack/
361,https://www.jamieoliver.com/recipes/vegetables-recipes/persian-squash-pistachio-roast/
362,https://www.jamieoliver.com/recipes/fish-recipes/sesame-seared-salmon/
363,https://www.jamieoliver.com/recipes/fish-recipes/jamon-wrapped-cod-with-borlotti-bean-stew/
364,https://www.jamieoliver.com/recipes/eggs-recipes/spiced-veggie-rice-with-poached-eggs/
365,https://www.jamieoliver.com/recipes/vegetables-recipes/jamie-s-christmas-curry/
366,https://www.jamieoliver.com/recipes/turkey-recipes/jamie-s-turkey-pork-amp-cranberry-pie/
367,https://www.jamieoliver.com/recipes/eggs-recipes/smoked-salmon-omelette-with-sprouts/
368,https://www.jamieoliver.com/recipes/pasta-recipes/winter-pasta-salad/
369,https://www.jamieoliver.com/recipes/vegetables-recipes/christmas-veg-laksa/
370,https://www.jamieoliver.com/recipes/turkey-recipes/caribbean-turkey-with-spicy-cornbread-chorizo-stuffing/
371,https://www.jamieoliver.com/recipes/eggs-recipes/christmas-quiche/
372,https://www.jamieoliver.com/recipes/turkey-recipes/gobble-oink-pie/
373,https://www.jamieoliver.com/recipes/rice-recipes/wild-rice-brussels-sprout-super-salad/
374,https://www.jamieoliver.com/recipes/rice-recipes/fried-rice-with-kale-squash-chestnuts/
375,https://www.jamieoliver.com/recipes/vegetables-recipes/grilled-cauliflower-with-winter-pesto/
376,https://www.jamieoliver.com/recipes/vegetables-recipes/green-veggie-fritters/
377,https://www.jamieoliver.com/recipes/pasta-recipes/incredible-leftover-lasagne/
378,https://www.jamieoliver.com/recipes/turkey-recipes/la-style-turkey-salad/
379,https://www.jamieoliver.com/recipes/vegetable-recipes/pumpkin-chickpea-coconut-curry/
380,https://www.jamieoliver.com/recipes/pork-recipes/pork-chops-with-quick-cherry-chutney/
381,https://www.jamieoliver.com/recipes/vegetables-recipes/fresh-tomato-broth/
382,https://www.jamieoliver.com/recipes/pork-recipes/squash-mash-sausage-catherine-wheels/
383,https://www.jamieoliver.com/recipes/beef-recipes/mustard-brisket-with-veg-beef-broth/
384,https://www.jamieoliver.com/recipes/pork-recipes/crispy-basil-salad-with-pork-pickled-carrots/
385,https://www.jamieoliver.com/recipes/fish-recipes/easy-curried-fish-stew/
386,https://www.jamieoliver.com/recipes/pork-recipes/pork-apple-sauce/
387,https://www.jamieoliver.com/recipes/beef-recipes/asian-crispy-beef/
388,https://www.jamieoliver.com/recipes/fish-recipes/green-tea-roasted-salmon/
389,https://www.jamieoliver.com/recipes/chicken-recipes/seared-turmeric-chicken/
390,https://www.jamieoliver.com/recipes/turkey-recipes/christmas-turkey-with-homemade-gravy-roast-potatoes-veg-and-pork-and-onion-stuffing/
391,https://www.jamieoliver.com/recipes/fish-recipes/mexican-style-fish-cakes/
392,https://www.jamieoliver.com/recipes/seafood-recipes/sizzling-moroccan-prawns/
393,https://www.jamieoliver.com/recipes/chicken-recipes/super-tasty-miso-broth/
394,https://www.jamieoliver.com/recipes/vegetables-recipes/smoky-veggie-feijoada/
395,https://www.jamieoliver.com/recipes/pasta-recipes/skinny-carbonara/
396,https://www.jamieoliver.com/recipes/game-recipes/whole-roasted-pheasant/
397,https://www.jamieoliver.com/recipes/chicken-recipes/food-allergy-mums-chicken-drumsticks/
398,https://www.jamieoliver.com/recipes/chicken-recipes/chicken-garlic-bread-kebabs/
399,https://www.jamieoliver.com/recipes/vegetables-recipes/mega-veggie-burgers/
400,https://www.jamieoliver.com/recipes/vegetables-recipes/veggie-enchiladas/
401,https://www.jamieoliver.com/recipes/chicken-recipes/thai-green-chicken-curry/
402,https://www.jamieoliver.com/recipes/chicken-recipes/cracking-chicken-burrito/
403,https://www.jamieoliver.com/recipes/vegetables-recipes/quinoa-feta-broad-bean-salad/
404,https://www.jamieoliver.com/recipes/chicken-recipes/aji-de-gallina/
405,https://www.jamieoliver.com/recipes/beef-recipes/sancochado/
406,https://www.jamieoliver.com/recipes/rice-recipes/tacu-tacu/
407,https://www.jamieoliver.com/recipes/pasta-recipes/gennaro-s-pasta-frittata-lots-of-ways/
408,https://www.jamieoliver.com/recipes/pasta-recipes/gennaro-s-butternut-squash-pancetta-penne/
409,https://www.jamieoliver.com/recipes/pasta-recipes/gennaro-s-parma-ham-red-pepper-with-taglierini/
410,https://www.jamieoliver.com/recipes/pasta-recipes/gennaro-s-classic-spaghetti-carbonara/
411,https://www.jamieoliver.com/recipes/beef-recipes/jamie-s-ultimate-canada-day-burger/
412,https://www.jamieoliver.com/recipes/pasta-recipes/family-spaghetti-bolognese/
413,https://www.jamieoliver.com/recipes/chicken-recipes/chargrilled-chicken-kebabs/
414,https://www.jamieoliver.com/recipes/fish-recipes/chargrilled-monkfish-kebabs/
415,https://www.jamieoliver.com/recipes/vegetables-recipes/chargrilled-veg-kebabs/
416,https://www.jamieoliver.com/recipes/turkey-recipes/michela-s-turkey-hotpot/
417,https://www.jamieoliver.com/recipes/vegetables-recipes/kerryann-s-hidden-vegetable-pasta-sauce/
418,https://www.jamieoliver.com/recipes/chicken-recipes/chicken-asparagus-crustless-tart/
419,https://www.jamieoliver.com/recipes/chicken-recipes/chicken-soup-with-spring-veg-pasta/
420,https://www.jamieoliver.com/recipes/pasta-recipes/chicken-leek-pea-pasta-bake/
421,https://www.jamieoliver.com/recipes/chicken-recipes/polpette-di-pollo/
422,https://www.jamieoliver.com/recipes/vegetables-recipes/vegetable-noodle-stir-fry/
423,https://www.jamieoliver.com/recipes/fish-recipes/kerryann-s-homemade-fish-fingers-minty-smashed-peas/
424,https://www.jamieoliver.com/recipes/pasta-recipes/kerryann-s-tuna-pasta-bake/
425,https://www.jamieoliver.com/recipes/chicken-recipes/jools-easy-chicken-curry/
426,https://www.jamieoliver.com/recipes/vegetables-recipes/jools-wholesome-veg-and-bean-soup/
427,https://www.jamieoliver.com/recipes/chicken-recipes/jools-simple-chicken-and-veg-stew/
428,https://www.jamieoliver.com/recipes/pork-recipes/jools-sausage-smoky-bean-casserole/
429,https://www.jamieoliver.com/recipes/fish-recipes/jools-fish-pie/
430,https://www.jamieoliver.com/recipes/fish-recipes/jools-asian-style-salmon/
431,https://www.jamieoliver.com/recipes/beef-recipes/jools-simple-beef-stew/
432,https://www.jamieoliver.com/recipes/fish-recipes/jools-crunchy-fish/
433,https://www.jamieoliver.com/recipes/pasta-recipes/jamie-s-classic-family-lasagne/
434,https://www.jamieoliver.com/recipes/vegetables-recipes/gennaro-s-mini-pizzas-with-hidden-veg-sauce/
435,https://www.jamieoliver.com/recipes/vegetables-recipes/baked-veggie-balls/
436,https://www.jamieoliver.com/recipes/rice-recipes/baked-rice-with-chicken-chorizo/
437,https://www.jamieoliver.com/recipes/chicken-recipes/cracking-cobb-salad/
438,https://www.jamieoliver.com/recipes/vegetables-recipes/tasty-tabbouleh-salad/
439,https://www.jamieoliver.com/recipes/seafood-recipes/prawn-papaya-salad/
440,https://www.jamieoliver.com/recipes/eggs-recipes/baked-eggs-lots-of-ways/
441,https://www.jamieoliver.com/recipes/vegetables-recipes/superfood-salad/
442,https://www.jamieoliver.com/recipes/vegetables-recipes/the-ultimate-spring-quiche/
443,https://www.jamieoliver.com/recipes/vegetables-recipes/roasted-fennel-pine-nut-polpette/
444,https://www.jamieoliver.com/recipes/chicken-recipes/chicken-arrabbiata/
445,https://www.jamieoliver.com/recipes/vegetables-recipes/roast-mejadra-onions/
446,https://www.jamieoliver.com/recipes/chicken-recipes/perfect-chicken-balti/
447,https://www.jamieoliver.com/recipes/chicken-recipes/tandoori-chicken/
448,https://www.jamieoliver.com/recipes/seafood-recipes/pan-cooked-giant-prawns/
449,https://www.jamieoliver.com/recipes/pasta-recipes/pasta-pesto/
450,https://www.jamieoliver.com/recipes/chicken-recipes/blackened-chicken/
451,https://www.jamieoliver.com/recipes/vegetables-recipes/hot-sour-soup/
452,https://www.jamieoliver.com/recipes/chicken-recipes/kung-pao-chicken/
453,https://www.jamieoliver.com/recipes/seafood-recipes/prawn-crab-wontons/
454,https://www.jamieoliver.com/recipes/seafood-recipes/szechuan-sweet-sour-prawns/
455,https://www.jamieoliver.com/recipes/vegetables-recipes/vegan-chinese-noodles/
456,https://www.jamieoliver.com/recipes/lamb-recipes/haggis-neeps-tatties/
457,https://www.jamieoliver.com/recipes/vegetables-recipes/vietnamese-bun-cha-with-sticky-spicy-tofu/
458,https://www.jamieoliver.com/recipes/pork-recipes/marmexican-marinated-pork-tenderloin/
459,https://www.jamieoliver.com/recipes/fish-recipes/sea-bass-in-puff-pastry/
460,https://www.jamieoliver.com/recipes/lamb-recipes/michael-sheen-s-traditional-welsh-cawl/
461,https://www.jamieoliver.com/recipes/vegetables-recipes/brilliant-veggie-burger/
462,https://www.jamieoliver.com/recipes/pork-recipes/chargrilled-pork-escalopes/
463,https://www.jamieoliver.com/recipes/pork-recipes/hot-smoky-vindaloo-with-pork-belly/
464,https://www.jamieoliver.com/recipes/beef-recipes/nigerian-suya/
465,https://www.jamieoliver.com/recipes/seafood-recipes/prawn-tofu-pad-thai/
466,https://www.jamieoliver.com/recipes/fish-recipes/paloma-faith-s-bacalhau-br-s/
467,https://www.jamieoliver.com/recipes/beef-recipes/bbq-beef-short-ribs/
468,https://www.jamieoliver.com/recipes/cheese-recipes/wood-fired-pizza/
469,https://www.jamieoliver.com/recipes/pork-recipes/sticky-chinese-ribs/
470,https://www.jamieoliver.com/recipes/chicken-recipes/southern-fried-chicken/
471,https://www.jamieoliver.com/recipes/lamb-recipes/quick-lamb-kebabs/
472,https://www.jamieoliver.com/recipes/vegetables-recipes/veggie-arrosto-misto/
473,https://www.jamieoliver.com/recipes/goose-recipes/spiced-roast-goose/
474,https://www.jamieoliver.com/recipes/vegetables-recipes/whole-roasted-cauliflower/
475,https://www.jamieoliver.com/recipes/vegetables-recipes/gluten-free-veggie-pasties/
476,https://www.jamieoliver.com/recipes/cheese-recipes/gluten-free-spinach-ricotta-roulade/
477,https://www.jamieoliver.com/recipes/vegetables-recipes/gluten-free-curried-veg-pie/
478,https://www.jamieoliver.com/recipes/vegetables-recipes/gorgeous-gado-gado/
479,https://www.jamieoliver.com/recipes/chicken-recipes/chicken-fajitas-with-guacamole/
480,https://www.jamieoliver.com/recipes/turkey-recipes/turkey-tonnato/
481,https://www.jamieoliver.com/recipes/vegetables-recipes/incredible-nut-roast/
482,https://www.jamieoliver.com/recipes/fish-recipes/sicilian-style-tuna-carpaccio/
483,https://www.jamieoliver.com/recipes/fish-recipes/asian-seared-tuna/
484,https://www.jamieoliver.com/recipes/pork-recipes/winter-nights-chilli/
485,https://www.jamieoliver.com/recipes/lamb-recipes/shepherd-s-pie/
486,https://www.jamieoliver.com/recipes/chicken-recipes/chicken-kyiv/
487,https://www.jamieoliver.com/recipes/beef-recipes/next-level-steak-onion-sandwich/
488,https://www.jamieoliver.com/recipes/pasta-recipes/lobster-mac-n-cheese/
489,https://www.jamieoliver.com/recipes/pasta-recipes/bolognese-ravioli/
490,https://www.jamieoliver.com/recipes/beef-recipes/insanity-burger/
491,https://www.jamieoliver.com/recipes/vegetables-recipes/puy-lentil-parsnip-walnut-salad/
492,https://www.jamieoliver.com/recipes/vegetables-recipes/vegan-beetroot-carpaccio/
493,https://www.jamieoliver.com/recipes/vegetables-recipes/vegan-mushroom-chestnut-cranberry-tart/
494,https://www.jamieoliver.com/recipes/pork-recipes/gluten-free-parsnip-pork-apple-stuffing/
495,https://www.jamieoliver.com/recipes/vegetables-recipes/vegetarian-nut-roast/
496,https://www.jamieoliver.com/recipes/vegetables-recipes/vegan-nut-roast/
497,https://www.jamieoliver.com/recipes/cheese-recipes/bumble-o/
498,https://www.jamieoliver.com/recipes/bread-recipes/gluten-free-pizza/
499,https://www.jamieoliver.com/recipes/vegetables-recipes/vegan-dim-sum-buns/
500,https://www.jamieoliver.com/recipes/vegetables-recipes/vegan-shepherd-s-pie/
501,https://www.jamieoliver.com/recipes/pasta-recipes/vegan-mac-n-cheese/
502,https://www.jamieoliver.com/recipes/vegetables-recipes/the-best-vegan-burger/
503,https://www.jamieoliver.com/recipes/vegetables-recipes/my-special-vegan-kofte/
504,https://www.jamieoliver.com/recipes/beef-recipes/malaysian-beef-curry/
505,https://www.jamieoliver.com/recipes/pasta-recipes/basil-gnudi/
506,https://www.jamieoliver.com/recipes/vegetables-recipes/roast-carrot-fennel-soup/
507,https://www.jamieoliver.com/recipes/pasta-recipes/wholewheat-ravioli-with-courgette-flowers-ricotta/
508,https://www.jamieoliver.com/recipes/chicken-recipes/hit-n-run-traybaked-chicken/
509,https://www.jamieoliver.com/recipes/vegetables-recipes/butternut-pumpkin-penne-mint-avocado-chopped-salad/
510,https://www.jamieoliver.com/recipes/vegetables-recipes/candied-beet-salad/
511,https://www.jamieoliver.com/recipes/chicken-recipes/ginger-honey-chicken-wings/
512,https://www.jamieoliver.com/recipes/pasta-recipes/rigatoni-with-roasted-tomatoes-ricotta-salata/
513,https://www.jamieoliver.com/recipes/vegetables-recipes/potato-cauliflower-curry/
514,https://www.jamieoliver.com/recipes/vegetables-recipes/apple-celeriac-soup/
515,https://www.jamieoliver.com/recipes/pork-recipes/achiote-recado-pork/
516,https://www.jamieoliver.com/recipes/pasta-recipes/spinach-ricotta-cannelloni/
517,https://www.jamieoliver.com/recipes/chicken-recipes/pomegranate-chicken-stew/
518,https://www.jamieoliver.com/recipes/game-recipes/rabbit-pie/
519,https://www.jamieoliver.com/recipes/vegetables-recipes/kerryann-s-cheesy-potato-pie/
520,https://www.jamieoliver.com/recipes/beef-recipes/dj-bbq-s-world-s-best-meatloaf/
521,https://www.jamieoliver.com/recipes/vegetables-recipes/kerryann-s-chilli-con-veggie/
522,https://www.jamieoliver.com/recipes/pork-recipes/dj-bbq-s-rad-rum-ribs/
523,https://www.jamieoliver.com/recipes/fish-recipes/dj-bbq-s-scallops/
524,https://www.jamieoliver.com/recipes/pork-recipes/baleadas/
525,https://www.jamieoliver.com/recipes/pork-recipes/roast-pork-leg/
526,https://www.jamieoliver.com/recipes/chicken-recipes/french-style-chicken/
527,https://www.jamieoliver.com/recipes/fish-recipes/jerk-fish/
528,https://www.jamieoliver.com/recipes/game-recipes/wild-boar-burgers/
529,https://www.jamieoliver.com/recipes/lamb-recipes/spicy-pasties/
530,https://www.jamieoliver.com/recipes/fish-recipes/new-potatoes-trout/
531,https://www.jamieoliver.com/recipes/vegetables-recipes/ultimate-quesadillas/
532,https://www.jamieoliver.com/recipes/pasta-recipes/crab-rigatoni/
533,https://www.jamieoliver.com/recipes/seafood-recipes/prawn-panzanella/
534,https://www.jamieoliver.com/recipes/vegetables-recipes/briam/
535,https://www.jamieoliver.com/recipes/fish-recipes/pasta-con-le-sarde/
536,https://www.jamieoliver.com/recipes/eggs-recipes/roasted-chilli-frittata/
537,https://www.jamieoliver.com/recipes/fish-recipes/mackerel-plaki/
538,https://www.jamieoliver.com/recipes/lamb-recipes/lamb-lagoto/
539,https://www.jamieoliver.com/recipes/chicken-recipes/chicken-tikka-masala/
540,https://www.jamieoliver.com/recipes/eggs-recipes/gluten-free-quiche/
541,https://www.jamieoliver.com/recipes/pasta-recipes/gluten-free-pasta-dough/
542,https://www.jamieoliver.com/recipes/beef-recipes/gluten-free-beef-lasagne/
543,https://www.jamieoliver.com/recipes/vegetables-recipes/caesar-on-the-lighter-side/
544,https://www.jamieoliver.com/recipes/vegetables-recipes/garden-glut-soup/
545,https://www.jamieoliver.com/recipes/fish-recipes/salmon-fishcakes/
546,https://www.jamieoliver.com/recipes/vegetables-recipes/rainbow-salad-wrap/
547,https://www.jamieoliver.com/recipes/vegetables-recipes/posh-beans-on-toast/
548,https://www.jamieoliver.com/recipes/chicken-recipes/pukka-yellow-curry/
549,https://www.jamieoliver.com/recipes/vegetables-recipes/zombie-brain/
550,https://www.jamieoliver.com/recipes/vegetables-recipes/giant-veg-r-sti/
551,https://www.jamieoliver.com/recipes/vegetables-recipes/bbq-baked-beans/
552,https://www.jamieoliver.com/recipes/fish-recipes/fantastic-fish-tikka-curry/
553,https://www.jamieoliver.com/recipes/rice-recipes/chicken-chorizo-paella/
554,https://www.jamieoliver.com/recipes/pasta-recipes/carbonara-of-smoked-mackerel/
555,https://www.jamieoliver.com/recipes/pork-recipes/piri-piri-pork-belly/
556,https://www.jamieoliver.com/recipes/vegetables-recipes/hungover-noodles/
557,https://www.jamieoliver.com/recipes/pork-recipes/crispy-pork-tacos/
558,https://www.jamieoliver.com/recipes/pasta-recipes/classic-tomato-spaghetti/
559,https://www.jamieoliver.com/recipes/fruit-recipes/pear-crunch-salad/
560,https://www.jamieoliver.com/recipes/chicken-recipes/party-time-mexican-tacos/
561,https://www.jamieoliver.com/recipes/seafood-recipes/grilled-tuna-with-tomato-spaghetti/
562,https://www.jamieoliver.com/recipes/pork-recipes/beautiful-stuffed-porchetta/
563,https://www.jamieoliver.com/recipes/lamb-recipes/spiced-roast-lamb/
564,https://www.jamieoliver.com/recipes/pork-recipes/nyc-style-pizza/
565,https://www.jamieoliver.com/recipes/seafood-recipes/seared-scallops-creamy-mash/
566,https://www.jamieoliver.com/recipes/vegetables-recipes/indian-pani-puri/
567,https://www.jamieoliver.com/recipes/beef-recipes/gennaro-s-meatball-sandwiches/
568,https://www.jamieoliver.com/recipes/seafood-recipes/spicy-spaghetti-vongole/
569,https://www.jamieoliver.com/recipes/chicken-recipes/sweet-spicy-beer-can-chicken/
570,https://www.jamieoliver.com/recipes/chicken-recipes/chicken-in-a-crust/
571,https://www.jamieoliver.com/recipes/vegetables-recipes/beautiful-veggie-moussaka/
572,https://www.jamieoliver.com/recipes/salmon-recipes/salt-crust-salmon/
573,https://www.jamieoliver.com/recipes/beef-recipes/the-ultimate-steak-roasties/
574,https://www.jamieoliver.com/recipes/fish-recipes/super-quick-salmon-gravadlax/
575,https://www.jamieoliver.com/recipes/duck-recipes/sienna-miller-s-duck-rag/
576,https://www.jamieoliver.com/recipes/pork-recipes/jamaican-style-jerk-pork/
577,https://www.jamieoliver.com/recipes/fish-recipes/traybaked-keralan-fish-curry/
578,https://www.jamieoliver.com/recipes/pork-recipes/posh-pork-kebabs/
579,https://www.jamieoliver.com/recipes/cheese-recipes/oozy-cheesy-pasta-with-crispy-pangritata/
580,https://www.jamieoliver.com/recipes/beef-recipes/bloody-mary-beef/
581,https://www.jamieoliver.com/recipes/turkey-recipes/leftover-turkey-banh-mi/
582,https://www.jamieoliver.com/recipes/fish-recipes/rescue-me-kedgeree/
583,https://www.jamieoliver.com/recipes/chicken-recipes/crunchy-chicken-pieces-with-a-herby-yoghurt-dip/
584,https://www.jamieoliver.com/recipes/fish-recipes/summer-tray-baked-salmon/
585,https://www.jamieoliver.com/recipes/chicken-recipes/roasted-veg-vindaloo-with-golden-gnarly-chicken-skewers/
586,https://www.jamieoliver.com/recipes/vegetables-recipes/lincolnshire-poacher-pie/
587,https://www.jamieoliver.com/recipes/pork-recipes/toad-in-the-hole-onion-apple-gravy/
588,https://www.jamieoliver.com/recipes/beef-recipes/insanely-good-oxtail-stew/
589,https://www.jamieoliver.com/recipes/eggs-recipes/scrambled-eggs/
590,https://www.jamieoliver.com/recipes/beef-recipes/veal-parmigiana/
591,https://www.jamieoliver.com/recipes/fruit-recipes/southern-pecan-apple-salad/
592,https://www.jamieoliver.com/recipes/pork-recipes/rich-grits/
593,https://www.jamieoliver.com/recipes/beef-recipes/mountain-meatballs/
594,https://www.jamieoliver.com/recipes/turkey-recipes/turkey-salad-warm-clementine-dressing/
595,https://www.jamieoliver.com/recipes/pasta-recipes/jools-sweet-pea-prawn-pasta-shells/
596,https://www.jamieoliver.com/recipes/beef-recipes/chilli-con-jamie/
597,https://www.jamieoliver.com/recipes/bread-recipes/deep-pan-pizza/
598,https://www.jamieoliver.com/recipes/eggs-recipes/mexican-breakfast/
599,https://www.jamieoliver.com/recipes/seafood-recipes/cajun-blackened-fish-steaks/
600,https://www.jamieoliver.com/recipes/fish-recipes/asian-steamed-sea-bass/
601,https://www.jamieoliver.com/recipes/pork-recipes/good-old-lasagne/
602,https://www.jamieoliver.com/recipes/eggs-recipes/blanched-asparagus-poached-egg-fresh-smoked-salmon/
603,https://www.jamieoliver.com/recipes/pasta-recipes/grandad-s-mussel-linguine-linguine-con-cozze-di-nonno/
604,https://www.jamieoliver.com/recipes/bread-recipes/panzanella-tuscan-tomato-bread-salad/
605,https://www.jamieoliver.com/recipes/fruit-recipes/grilled-peach-salad-with-parma-ham-colwick-cheese/
606,https://www.jamieoliver.com/recipes/eggs-recipes/south-american-style-brunch/
607,https://www.jamieoliver.com/recipes/lamb-recipes/sizzling-lamb-chops-scottadito/
608,https://www.jamieoliver.com/recipes/fish-recipes/sweet-pea-fish-pie/
609,https://www.jamieoliver.com/recipes/pork-recipes/pork-meatloaf-spaghetti-sauce/
610,https://www.jamieoliver.com/recipes/vegetables-recipes/the-best-cauliflower-broccoli-cheese/
611,https://www.jamieoliver.com/recipes/pasta-recipes/gennaro-s-spaghetti-alla-puttanesca/
612,https://www.jamieoliver.com/recipes/chicken-recipes/barbecued-chicken-dim-sum/
613,https://www.jamieoliver.com/recipes/vegetables-recipes/gorgeous-greek-salad/
614,https://www.jamieoliver.com/recipes/eggs-recipes/summer-pisto-frittata/
615,https://www.jamieoliver.com/recipes/cheese-recipes/beautifully-cheesy-pasta-fonduta/
616,https://www.jamieoliver.com/recipes/chicken-recipes/quick-crispy-chicken-with-tomatoes-asparagus/
617,https://www.jamieoliver.com/recipes/duck-recipes/asian-squash-salad-with-crispy-duck/
618,https://www.jamieoliver.com/recipes/pork-recipes/bubble-and-squeak-with-sausages-and-onion-gravy/
619,https://www.jamieoliver.com/recipes/fruit-recipes/cedro-lemon-bruschetta/
620,https://www.jamieoliver.com/recipes/lamb-recipes/easy-essex-haggis-neeps-tatties-shepherd-s-pie-stylie/
621,https://www.jamieoliver.com/recipes/pasta-recipes/southend-stylee-pappardelle/
622,https://www.jamieoliver.com/recipes/cheese-recipes/ricotta-fritters-with-tomato-sauce-courgette-salad/
623,https://www.jamieoliver.com/recipes/seafood-recipes/crackin-crab-briks-with-couscous-salad-salsa/
624,https://www.jamieoliver.com/recipes/pasta-recipes/chorizo-carbonara-with-catalan-market-salad/
625,https://www.jamieoliver.com/recipes/pork-recipes/sausage-gnocchi-with-warm-kale-bean-salad/
626,https://www.jamieoliver.com/recipes/vegetables-recipes/mushroom-soup-with-stilton-apple-walnut-cro-tes/
627,https://www.jamieoliver.com/recipes/lamb-recipes/quick-lamb-tagine-with-pan-fried-aubergine-cumin-crunch/
628,https://www.jamieoliver.com/recipes/fish-recipes/the-best-fish-baps-with-mushy-peas-tartare-sauce/
629,https://www.jamieoliver.com/recipes/pork-recipes/ultimate-pork-tacos-with-spicy-black-beans-avocado-green-salad/
630,https://www.jamieoliver.com/recipes/vegetable-recipes/keralan-veggie-curry-with-poppadoms-rice-minty-yoghurt/
631,https://www.jamieoliver.com/recipes/vegetables-recipes/falafel-wraps-with-grilled-veg-salsa/
632,https://www.jamieoliver.com/recipes/beef-recipes/grilled-steak-ratatouille-saffron-rice/
633,https://www.jamieoliver.com/recipes/vegetables-recipes/veggie-chilli-with-crunchy-tortilla-avocado-salad/
634,https://www.jamieoliver.com/recipes/fish-recipes/mighty-mackerel-with-mixed-tomato-quinoa-salad/
635,https://www.jamieoliver.com/recipes/beef-recipes/beef-stroganoff-fluffy-rice-red-onion-parsley-pickle/
636,https://www.jamieoliver.com/recipes/fish-recipes/griddled-tuna-kinda-ni-oise-salad/
637,https://www.jamieoliver.com/recipes/chicken-recipes/quick-chicken-laksa/
638,https://www.jamieoliver.com/recipes/chicken-recipes/sizzling-chicken-fajitas-grilled-peppers-salsa-rice-beans/
639,https://www.jamieoliver.com/recipes/chicken-recipes/golden-chicken-braised-greens-potato-gratin/
640,https://www.jamieoliver.com/recipes/turkey-recipes/turkey-wellington/
641,https://www.jamieoliver.com/recipes/vegetables-recipes/mushroom-and-squash-vegetarian-wellington/
642,https://www.jamieoliver.com/recipes/chicken-recipes/roast-chicken-with-mixed-mushroom-stuffing/
643,https://www.jamieoliver.com/recipes/fish-recipes/whole-roasted-salmon-stuffed-with-lemon-and-herbs/
644,https://www.jamieoliver.com/recipes/chicken-recipes/roast-chicken-with-couscous/
645,https://www.jamieoliver.com/recipes/pork-recipes/store-cupboard-lentil-soup/
646,https://www.jamieoliver.com/recipes/soup-recipes/creamy-mushroom-soup/
647,https://www.jamieoliver.com/recipes/seafood-recipes/sweetcorn-and-mussel-chowder/
648,https://www.jamieoliver.com/recipes/fish-recipes/simple-baked-salmon-with-dill-yoghurt/
649,https://www.jamieoliver.com/recipes/fish-recipes/quick-salmon-and-potato-al-forno/
650,https://www.jamieoliver.com/recipes/pork-recipes/gorgeous-dinner-of-porchetta-stuffed-with-wild-mushrooms-celeriac-mash-and-gravy/
651,https://www.jamieoliver.com/recipes/fish-recipes/fish-in-a-bag/
652,https://www.jamieoliver.com/recipes/chicken-recipes/roast-chicken-with-all-the-trimmings/
653,https://www.jamieoliver.com/recipes/game-recipes/old-school-venison-pie-with-juniper-rosemary-and-bay/
654,https://www.jamieoliver.com/recipes/fish-recipes/mixed-fish-grill-with-lemon-couscous/
655,https://www.jamieoliver.com/recipes/fish-recipes/little-sole-goujons-with-a-quick-lemon-and-caper-sauce/
656,https://www.jamieoliver.com/recipes/vegetables-recipes/aubergine-lasagne/
657,https://www.jamieoliver.com/recipes/rice-recipes/a-beautiful-sorrel-risotto-with-crumbled-goat-s-cheese/
658,https://www.jamieoliver.com/recipes/fish-recipes/home-cured-beetroot-gravadlax/
659,https://www.jamieoliver.com/recipes/fish-recipes/spanish-fish-and-chorizo-soup/
660,https://www.jamieoliver.com/recipes/pasta-recipes/wonderful-wild-garlic-and-sausage-fusilli/
661,https://www.jamieoliver.com/recipes/pasta-recipes/tagliatelle-with-asparagus-and-tomato/
662,https://www.jamieoliver.com/recipes/fish-recipes/smoked-salmon-and-avocado-salad/
663,https://www.jamieoliver.com/recipes/fish-recipes/simple-roast-salmon-with-summer-leaves-and-a-marie-rose-dressing/
664,https://www.jamieoliver.com/recipes/seafood-recipes/scottish-scallops-and-black-pudding-with-winter-salad/
665,https://www.jamieoliver.com/recipes/lamb-recipes/scotch-broth-with-winter-root-veg/
666,https://www.jamieoliver.com/recipes/duck-recipes/roast-duck/
667,https://www.jamieoliver.com/recipes/duck-recipes/my-roasted-duck-sorta-shepherd-s-pie/
668,https://www.jamieoliver.com/recipes/duck-recipes/diy-crispy-duck-lettuce-cups-with-cherries-and-mint/
669,https://www.jamieoliver.com/recipes/chicken-recipes/roast-chicken-and-pesto/
670,https://www.jamieoliver.com/recipes/pasta-recipes/tagliatelle-genovese-style/
671,https://www.jamieoliver.com/recipes/lamb-recipes/stuffed-leg-of-lamb-with-rosemary-and-pine-nuts/
672,https://www.jamieoliver.com/recipes/chicken-recipes/spring-chicken-stuffed-with-black-pudding-and-with-braised-baby-vegetables/
673,https://www.jamieoliver.com/recipes/lamb-recipes/spiced-lamb-lollipops-with-korma-sauce-and-toasted-almonds/
674,https://www.jamieoliver.com/recipes/fish-recipes/smoked-mackerel-pate-with-griddled-toast-and-cress-salad/
675,https://www.jamieoliver.com/recipes/seafood-recipes/seafood-curry/
676,https://www.jamieoliver.com/recipes/pork-recipes/sausages-with-pan-cooked-chutney-and-leek-mash/
677,https://www.jamieoliver.com/recipes/fish-recipes/roast-trout-with-spinach-sage-and-prosciutto/
678,https://www.jamieoliver.com/recipes/seafood-recipes/quick-stewed-squid-with-tomatoes/
679,https://www.jamieoliver.com/recipes/pork-recipes/pork-chops-with-prosciutto-apple-and-stilton/
680,https://www.jamieoliver.com/recipes/pork-recipes/pancetta-hash-with-eggs-and-apple-salad/
681,https://www.jamieoliver.com/recipes/fish-recipes/marinated-and-grilled-salmon/
682,https://www.jamieoliver.com/recipes/rice-recipes/yellow-bean-vodka-and-smoked-haddock-risotto/
683,https://www.jamieoliver.com/recipes/seafood-recipes/wood-fired-shellfish/
684,https://www.jamieoliver.com/recipes/chicken-recipes/wicked-chicken-with-coleslaw/
685,https://www.jamieoliver.com/recipes/vegetables-recipes/warm-salad-of-roasted-squash-prosciutto-and-pecorino/
686,https://www.jamieoliver.com/recipes/game-recipes/venison-juniper-stew/
687,https://www.jamieoliver.com/recipes/vegetables-recipes/veggie-chilli/
688,https://www.jamieoliver.com/recipes/vegetables-recipes/vegetable-curry/
689,https://www.jamieoliver.com/recipes/turkey-recipes/turkey-con-chilli/
690,https://www.jamieoliver.com/recipes/turkey-recipes/turkey-and-sweet-leek-pie/
691,https://www.jamieoliver.com/recipes/vegetables-recipes/tunisian-brik/
692,https://www.jamieoliver.com/recipes/pork-recipes/toad-in-the-hole/
693,https://www.jamieoliver.com/recipes/rice-recipes/three-cheese-risotto/
694,https://www.jamieoliver.com/recipes/vegetables-recipes/the-real-mushroom-soup/
695,https://www.jamieoliver.com/recipes/fish-recipes/the-nicest-tray-baked-lemon-sole/
696,https://www.jamieoliver.com/recipes/turkey-recipes/the-best-turkey-in-the-world/
697,https://www.jamieoliver.com/recipes/fish-recipes/the-best-tuna-meatballs-le-migliori-polpette-di-tonno/
698,https://www.jamieoliver.com/recipes/fish-recipes/the-best-tuna-burger/
699,https://www.jamieoliver.com/recipes/turkey-recipes/the-best-roast-turkey-christmas-or-any-time/
700,https://www.jamieoliver.com/recipes/pork-recipes/the-best-pork-chops-with-fresh-bay-salt-crackling-and-squashed-purple-potatoes/
701,https://www.jamieoliver.com/recipes/pasta-recipes/the-best-pasta-salad/
702,https://www.jamieoliver.com/recipes/vegetables-recipes/the-best-baked-pumpkin/
703,https://www.jamieoliver.com/recipes/pork-recipes/tapas-feast-tortilla-glazed-chorizo-manchego-cheese-cured-meats-honey-stuffed-peppers-rolled-anchovies/
704,https://www.jamieoliver.com/recipes/pasta-recipes/taglierini-with-a-simple-sweet-tomato-sauce-and-shrimps/
705,https://www.jamieoliver.com/recipes/pasta-recipes/tagliatelle-with-asparagus-crispy-pancetta-and-parmesan/
706,https://www.jamieoliver.com/recipes/duck-recipes/sweet-duck-legs-cooked-with-plums-and-star-anise/
707,https://www.jamieoliver.com/recipes/pork-recipes/sweet-cherry-tomato-and-sausage-bake/
708,https://www.jamieoliver.com/recipes/chicken-recipes/super-tasty-spanish-roast-chicken/
709,https://www.jamieoliver.com/recipes/pasta-recipes/summertime-tagliarini/
710,https://www.jamieoliver.com/recipes/fish-recipes/stuffed-sea-bass/
711,https://www.jamieoliver.com/recipes/fish-recipes/steamed-thai-style-sea-bass-and-rice/
712,https://www.jamieoliver.com/recipes/fish-recipes/steamed-asian-sea-bass-in-the-bag/
713,https://www.jamieoliver.com/recipes/beef-recipes/steak-guinness-cheese-pie/
714,https://www.jamieoliver.com/recipes/pasta-recipes/squash-and-ricotta-pasta-bake/
715,https://www.jamieoliver.com/recipes/chicken-recipes/spring-poached-chicken/
716,https://www.jamieoliver.com/recipes/vegetables-recipes/spring-minestrone/
717,https://www.jamieoliver.com/recipes/rice-recipes/spicy-pangrattato-risotto/
718,https://www.jamieoliver.com/recipes/lamb-recipes/spicy-lamb-cutlets-with-crispy-coriander-potatoes/
719,https://www.jamieoliver.com/recipes/lamb-recipes/spicy-barbecued-leg-of-lamb/
720,https://www.jamieoliver.com/recipes/lamb-recipes/spiced-lamb-stew-with-walnuts-and-pomegranate/
721,https://www.jamieoliver.com/recipes/chicken-recipes/special-chicken-stew/
722,https://www.jamieoliver.com/recipes/pasta-recipes/spaghetti-with-prawns-and-rocket-spaghetti-con-gamberetti-e-rucola/
723,https://www.jamieoliver.com/recipes/pasta-recipes/spaghetti-vongole/
724,https://www.jamieoliver.com/recipes/pork-recipes/souvlaki-wicked-kebabs/
725,https://www.jamieoliver.com/recipes/pork-recipes/southern-style-pork-slaw/
726,https://www.jamieoliver.com/recipes/pork-recipes/southern-sausage-stew/
727,https://www.jamieoliver.com/recipes/vegetables-recipes/southern-indian-vegetable-curry-with-curry-leaves/
728,https://www.jamieoliver.com/recipes/fish-recipes/southern-indian-rice-and-seafood-soup/
729,https://www.jamieoliver.com/recipes/fish-recipes/south-american-fishcakes/
730,https://www.jamieoliver.com/recipes/pork-recipes/slow-roasted-spiced-pork-loin-with-black-eyed-beans-and-tomatoes/
731,https://www.jamieoliver.com/recipes/lamb-recipes/slow-cooked-shoulder-of-lamb-with-roasted-vegetables/
732,https://www.jamieoliver.com/recipes/beef-recipes/sloppy-joe/
733,https://www.jamieoliver.com/recipes/fish-recipes/skate-baked-in-the-bag-with-artichokes-purple-potatoes-capers-and-cr-me-fra-che/
734,https://www.jamieoliver.com/recipes/lamb-recipes/sizzling-lamb-lollipops/
735,https://www.jamieoliver.com/recipes/pasta-recipes/simple-summer-spaghetti/
736,https://www.jamieoliver.com/recipes/beef-recipes/simple-baked-lasagne/
737,https://www.jamieoliver.com/recipes/pork-recipes/sausages-and-green-lentils-with-tomato-salsa-salsicce-con-lenticchie-verdi-e-salsa-di-pomodoro/
738,https://www.jamieoliver.com/recipes/pasta-recipes/sausage-carbonara-linguine-alla-carbonara-di-salsiccia/
739,https://www.jamieoliver.com/recipes/fish-recipes/salmon-and-couscous/
740,https://www.jamieoliver.com/recipes/cheese-recipes/roquefort-salad-with-warm-croutons-and-lardons/
741,https://www.jamieoliver.com/recipes/bread-recipes/rolled-bread-of-parma-ham-nice-cheese-egg-and-basil/
742,https://www.jamieoliver.com/recipes/fish-recipes/roasted-trout-and-artichokes-with-almonds-breadcrumbs-and-mint/
743,https://www.jamieoliver.com/recipes/bread-recipes/roasted-sweet-garlic-bread-and-almond-soup/
744,https://www.jamieoliver.com/recipes/beef-recipes/roasted-squash-and-beef-carpaccio/
745,https://www.jamieoliver.com/recipes/pork-recipes/roasted-pork-chops-with-sage-and-champ/
746,https://www.jamieoliver.com/recipes/seafood-recipes/roasted-concertina-squid-with-grilled-leeks-and-a-warm-chorizo-dressing/
747,https://www.jamieoliver.com/recipes/chicken-recipes/roasted-chicken-breast-with-pancetta-leeks-and-thyme/
748,https://www.jamieoliver.com/recipes/chicken-recipes/roasted-chicken-breast-with-lemony-bombay-potatoes/
749,https://www.jamieoliver.com/recipes/chicken-recipes/roasted-chicken-breast-with-creamy-butternut-squash-and-chilli/
750,https://www.jamieoliver.com/recipes/chicken-recipes/roasted-chicken-breast-with-cherry-tomatoes-and-asparagus/
751,https://www.jamieoliver.com/recipes/pork-recipes/roasted-carrots-and-beets-with-the-juiciest-pork-chops/
752,https://www.jamieoliver.com/recipes/rice-recipes/roast-squash-sage-chestnut-and-pancetta-risotto/
753,https://www.jamieoliver.com/recipes/fish-recipes/roast-salmon-salad/
754,https://www.jamieoliver.com/recipes/lamb-recipes/roast-rack-of-lamb-with-crushed-potatoes/
755,https://www.jamieoliver.com/recipes/lamb-recipes/roast-leg-of-lamb-with-aubergines-and-onions/
756,https://www.jamieoliver.com/recipes/chicken-recipes/roast-chicken-with-lemon-and-rosemary-roast-potatoes/
757,https://www.jamieoliver.com/recipes/vegetables-recipes/roast-carrot-and-avocado-salad-with-orange-and-lemon-dressing/
758,https://www.jamieoliver.com/recipes/beef-recipes/reuben-ish-sandwich/
759,https://www.jamieoliver.com/recipes/bread-recipes/red-grape-pizza-with-honey-rosemary-and-pecorino/
760,https://www.jamieoliver.com/recipes/fish-recipes/rainbow-trout-with-horseradish-yoghurt-balsamic-beets/
761,https://www.jamieoliver.com/recipes/pasta-recipes/quick-tomato-macaroni-cheese/
762,https://www.jamieoliver.com/recipes/pasta-recipes/quick-sausage-meatballs-with-a-tomato-and-basil-sauce-spaghetti-and-sweet-raw-peas/
763,https://www.jamieoliver.com/recipes/beef-recipes/pytt-y-panna-little-pieces-in-a-pan/
764,https://www.jamieoliver.com/recipes/pasta-recipes/spicy-sausage-fusilli/
765,https://www.jamieoliver.com/recipes/seafood-recipes/prawn-stuffed-spicy-fish-with-vermicelli/
766,https://www.jamieoliver.com/recipes/seafood-recipes/prawn-stuffed-flatfish/
767,https://www.jamieoliver.com/recipes/seafood-recipes/prawn-and-watermelon-salad/
768,https://www.jamieoliver.com/recipes/fish-recipes/pouting-fish-fingers-sweet-potato-chips-cheat-s-basil-mayo/
769,https://www.jamieoliver.com/recipes/fish-recipes/potato-salad-with-smoked-salmon-and-horseradish-cr-me-fraiche/
770,https://www.jamieoliver.com/recipes/eggs-recipes/potato-and-chorizo-omelette-with-a-kinda-parsley-salad/
771,https://www.jamieoliver.com/recipes/lamb-recipes/pot-roasted-shoulder-of-lamb-with-roasted-butternut-squash-and-sweet-red-onions/
772,https://www.jamieoliver.com/recipes/pork-recipes/pot-roast-pork/
773,https://www.jamieoliver.com/recipes/pork-recipes/posh-roast-pork-party-kebabs/
774,https://www.jamieoliver.com/recipes/pork-recipes/pork-loin-with-a-great-herby-stuffing/
775,https://www.jamieoliver.com/recipes/pork-recipes/pork-belly-roast/
776,https://www.jamieoliver.com/recipes/chicken-recipes/poached-chicken-and-vegetable-soup/
777,https://www.jamieoliver.com/recipes/bread-recipes/smoked-pancetta-mozzarella-fresh-chilli-and-tomatoes-pizza-topping/
778,https://www.jamieoliver.com/recipes/bread-recipes/slow-roasted-shredded-pork-with-thyme-taleggio-and-lemon-dressed-rocket-pizza-dressing/
779,https://www.jamieoliver.com/recipes/bread-recipes/potatoes-mozzarella-rosemary-thyme-and-tomato-pizza-topping/
780,https://www.jamieoliver.com/recipes/bread-recipes/mozzarella-anchovies-chilli-capers-and-parsley-pizza-topping/
781,https://www.jamieoliver.com/recipes/bread-recipes/green-and-red-grapes-rosemary-pine-nuts-and-ricotta-pizza-topping/
782,https://www.jamieoliver.com/recipes/bread-recipes/egg-prosciutto-artichokes-olives-mozzarella-tomato-sauce-and-basil-pizza-topping/
783,https://www.jamieoliver.com/recipes/chicken-recipes/perfect-roast-chicken/
784,https://www.jamieoliver.com/recipes/pasta-recipes/penne-with-tomato-basil-olives-and-pecorino/
785,https://www.jamieoliver.com/recipes/rice-recipes/pea-and-goat-s-cheese-risotto/
786,https://www.jamieoliver.com/recipes/pasta-recipes/pasta-peperonata/
787,https://www.jamieoliver.com/recipes/vegetables-recipes/spicy-squash-soup/
788,https://www.jamieoliver.com/recipes/pasta-recipes/parsnip-and-pancetta-tagliatelle-with-parmesan-and-butter/
789,https://www.jamieoliver.com/recipes/game-recipes/pan-seared-venison-with-blueberries-shallots-and-red-wine/
790,https://www.jamieoliver.com/recipes/fish-recipes/pan-roasted-salmon-with-purple-sprouting-broccoli-and-anchovy-rosemary-sauce/
791,https://www.jamieoliver.com/recipes/fish-recipes/pan-fried-lemon-sole-fillets-with-salsa-verde/
792,https://www.jamieoliver.com/recipes/fish-recipes/pan-cooked-asparagus-and-mixed-fish/
793,https://www.jamieoliver.com/recipes/seafood-recipes/paella/
794,https://www.jamieoliver.com/recipes/pasta-recipes/oven-baked-rigatoni-with-wild-boar-salami/
795,https://www.jamieoliver.com/recipes/pork-recipes/aromatic-pork-noodles/
796,https://www.jamieoliver.com/recipes/seafood-recipes/omega-3-and-couscous/
797,https://www.jamieoliver.com/recipes/pork-recipes/neck-fillet-steak/
798,https://www.jamieoliver.com/recipes/vegetables-recipes/my-favourite-ribollita-la-mia-ribollita-preferita/
799,https://www.jamieoliver.com/recipes/seafood-recipes/my-favourite-paella/
800,https://www.jamieoliver.com/recipes/lamb-recipes/moroccan-style-lamb-burgers/
801,https://www.jamieoliver.com/recipes/lamb-recipes/moroccan-lamb-stew/
802,https://www.jamieoliver.com/recipes/beef-recipes/melt-in-your-mouth-shin-stew/
803,https://www.jamieoliver.com/recipes/lamb-recipes/mediterranean-braised-lamb-and-couscous/
804,https://www.jamieoliver.com/recipes/pasta-recipes/mediterranean-style-herring-linguine/
805,https://www.jamieoliver.com/recipes/fish-recipes/mediterranean-style-dab/
806,https://www.jamieoliver.com/recipes/pasta-recipes/mackerel-pasta-salad/
807,https://www.jamieoliver.com/recipes/pasta-recipes/macaroni-cheese/
808,https://www.jamieoliver.com/recipes/beef-recipes/louie-and-gennaro-s-ultimate-cheeseburgers/
809,https://www.jamieoliver.com/recipes/pasta-recipes/lemon-linguine/
810,https://www.jamieoliver.com/recipes/fish-recipes/leigh-on-sea-sole/
811,https://www.jamieoliver.com/recipes/lamb-recipes/leg-of-lamb-stuffed-with-olives-bread-pine-nuts-and-herbs-cosciotto-d-agnello-ripieno-di-olive-pane-pinoli-e-erbe-aromatiche/
812,https://www.jamieoliver.com/recipes/lamb-recipes/lamb-balti/
813,https://www.jamieoliver.com/recipes/pie-recipes/kate-will-s-wedding-pie/
814,https://www.jamieoliver.com/recipes/beef-recipes/jools-s-favourite-beef-stew/
815,https://www.jamieoliver.com/recipes/pork-recipes/jerk-dressed-bristol-pork/
816,https://www.jamieoliver.com/recipes/chicken-recipes/jerk-poussins/
817,https://www.jamieoliver.com/recipes/lamb-recipes/incredible-roasted-shoulder-of-lamb-with-smashed-veg-and-greens/
818,https://www.jamieoliver.com/recipes/chicken-recipes/hunter-s-chicken-stew-pollo-alla-cacciatora/
819,https://www.jamieoliver.com/recipes/vegetables-recipes/humble-home-cooked-beans/
820,https://www.jamieoliver.com/recipes/fish-recipes/hot-tuna-salad-with-basil-dressing/
821,https://www.jamieoliver.com/recipes/fish-recipes/hot-smoked-salmon-with-an-amazing-chilli-salsa/
822,https://www.jamieoliver.com/recipes/seafood-recipes/highland-mussels-juicy-whisky-creamy/
823,https://www.jamieoliver.com/recipes/chicken-recipes/herb-marinated-chicken/
824,https://www.jamieoliver.com/recipes/fish-recipes/harissa-sardines-with-couscous-salad/
825,https://www.jamieoliver.com/recipes/lamb-recipes/guinness-lamb-shank/
826,https://www.jamieoliver.com/recipes/fish-recipes/grilled-or-roasted-monkfish-with-black-olive-sauce-and-lemon-mash/
827,https://www.jamieoliver.com/recipes/rice-recipes/grilled-mushroom-risotto/
828,https://www.jamieoliver.com/recipes/cheese-recipes/grilled-marinated-mozzarella-with-crunchy-bread-smoked-bacon-and-a-black-olive-and-lemon-dressing/
829,https://www.jamieoliver.com/recipes/lamb-recipes/grilled-lamb-kofta-kebabs-with-pistachios-and-spicy-salad-wrap/
830,https://www.jamieoliver.com/recipes/beef-recipes/grilled-fillet-steak-with-the-creamiest-white-beans-and-leeks/
831,https://www.jamieoliver.com/recipes/fish-recipes/grilled-cod-with-pancetta-and-pea-mash/
832,https://www.jamieoliver.com/recipes/pork-recipes/grilled-and-roasted-pork-maiale-alla-griglia-e-arrosto/
833,https://www.jamieoliver.com/recipes/game-recipes/grilled-and-marinated-rabbit-coniglio-marinato-alla-griglia/
834,https://www.jamieoliver.com/recipes/fish-recipes/griddled-mackerel-with-a-courgette-and-bean-salad/
835,https://www.jamieoliver.com/recipes/pork-recipes/green-chilli/
836,https://www.jamieoliver.com/recipes/pork-recipes/gennaro-s-stuffed-porchetta/
837,https://www.jamieoliver.com/recipes/bread-recipes/fried-pizza-pizza-fritta/
838,https://www.jamieoliver.com/recipes/beef-recipes/fresh-noodle-salad/
839,https://www.jamieoliver.com/recipes/beef-recipes/flash-roast-beef-with-garlic-rosemary-and-girolles-schiacciata-di-manzo-con-aglio-rosmarino-e-funghi/
840,https://www.jamieoliver.com/recipes/duck-recipes/five-spice-duck-salad/
841,https://www.jamieoliver.com/recipes/fish-recipes/fish-chips-and-mushy-peas/
842,https://www.jamieoliver.com/recipes/fish-recipes/fish-cakes/
843,https://www.jamieoliver.com/recipes/pork-recipes/festive-fiesta-tacos/
844,https://www.jamieoliver.com/recipes/rice-recipes/fennel-risotto-with-ricotta-and-dried-chilli-risotto-ai-finocchi-con-ricotta-e-peperoncino/
845,https://www.jamieoliver.com/recipes/chicken-recipes/feel-good-chicken-broth/
846,https://www.jamieoliver.com/recipes/pasta-recipes/farfalle-with-carbonara-and-spring-peas/
847,https://www.jamieoliver.com/recipes/fish-recipes/fantastic-fish-finger-buttie/
848,https://www.jamieoliver.com/recipes/fish-recipes/fabulous-fish-stew/
849,https://www.jamieoliver.com/recipes/chicken-recipes/spiced-roast-chicken/
850,https://www.jamieoliver.com/recipes/fish-recipes/delicious-roasted-white-fish-wrapped-in-smoked-bacon-with-lemon-mayonnaise-and-asparagus/
851,https://www.jamieoliver.com/recipes/lamb-recipes/dark-sticky-stew/
852,https://www.jamieoliver.com/recipes/vegetables-recipes/curry-base-sauce/
853,https://www.jamieoliver.com/recipes/fish-recipes/crispy-skinned-mackerel-with-asian-inspired-dressing/
854,https://www.jamieoliver.com/recipes/duck-recipes/crispy-peking-duck-in-pancakes/
855,https://www.jamieoliver.com/recipes/fish-recipes/crispy-fried-salmon-with-spring-vegetable-broth/
856,https://www.jamieoliver.com/recipes/fish-recipes/crispy-barbecued-side-of-salmon-with-cucumber-yoghurt/
857,https://www.jamieoliver.com/recipes/seafood-recipes/creamy-mussels-with-smoky-bacon-cider/
858,https://www.jamieoliver.com/recipes/chicken-recipes/cornish-cowboy-pasties/
859,https://www.jamieoliver.com/recipes/vegetables-recipes/corn-chowder/
860,https://www.jamieoliver.com/recipes/fish-recipes/coley-korma-with-fluffy-rice/
861,https://www.jamieoliver.com/recipes/fish-recipes/cod-potato-and-spring-onion-stew/
862,https://www.jamieoliver.com/recipes/chicken-recipes/chicken-sausage-prawn-jambalaya/
863,https://www.jamieoliver.com/recipes/chicken-recipes/good-old-chicken-tikka-masala/
864,https://www.jamieoliver.com/recipes/chicken-recipes/chicken-in-milk/
865,https://www.jamieoliver.com/recipes/pasta-recipes/chicken-and-mushroom-pasta-bake-spaghetti-tetrazzini/
866,https://www.jamieoliver.com/recipes/pasta-recipes/cheat-s-homemade-pappardelle-with-quick-tomato-sauce/
867,https://www.jamieoliver.com/recipes/seafood-recipes/chargrilled-whole-squid-with-chilli-and-mint/
868,https://www.jamieoliver.com/recipes/fish-recipes/chargrilled-tuna-with-oregano-oil-and-beautifully-dressed-peas-and-broad-beans/
869,https://www.jamieoliver.com/recipes/fish-recipes/chargrilled-tuna-with-dressed-beans-and-loadsa-herbs/
870,https://www.jamieoliver.com/recipes/pork-recipes/chargrilled-pork-leg-with-asparagus/
871,https://www.jamieoliver.com/recipes/pork-recipes/caesar-salad-bites/
872,https://www.jamieoliver.com/recipes/pork-recipes/boxing-day-bubble-and-squeak/
873,https://www.jamieoliver.com/recipes/pork-recipes/blackened-barbecued-pork-fillets/
874,https://www.jamieoliver.com/recipes/lamb-recipes/best-roast-leg-of-lamb/
875,https://www.jamieoliver.com/recipes/lamb-recipes/best-lamb-cutlets-with-special-basil-sauce/
876,https://www.jamieoliver.com/recipes/beef-recipes/best-chargrilled-steak/
877,https://www.jamieoliver.com/recipes/beef-recipes/beef-with-pak-choi-mushrooms-and-noodles/
878,https://www.jamieoliver.com/recipes/beef-recipes/beef-tagine/
879,https://www.jamieoliver.com/recipes/beef-recipes/beef-carpaccio-with-marinated-bean-salad/
880,https://www.jamieoliver.com/recipes/beef-recipes/beef-and-vegetable-stir-fry/
881,https://www.jamieoliver.com/recipes/beef-recipes/beef-and-broccoli-stir-fry/
882,https://www.jamieoliver.com/recipes/seafood-recipes/beautiful-smoky-barbecued-shellfish/
883,https://www.jamieoliver.com/recipes/seafood-recipes/beautiful-homemade-crab-cakes-with-a-hot-blackened-salsa/
884,https://www.jamieoliver.com/recipes/bread-recipes/basic-pizza/
885,https://www.jamieoliver.com/recipes/chicken-recipes/barbecued-thai-chicken-legs/
886,https://www.jamieoliver.com/recipes/seafood-recipes/barbecued-scallops/
887,https://www.jamieoliver.com/recipes/chicken-recipes/barbecued-chicken/
888,https://www.jamieoliver.com/recipes/pasta-recipes/awesome-spinach-and-ricotta-cannelloni/
889,https://www.jamieoliver.com/recipes/vegetables-recipes/aubergine-parmigiana-melanzane-alla-parmigiana/
890,https://www.jamieoliver.com/recipes/rice-recipes/asparagus-mint-and-lemon-risotto/
891,https://www.jamieoliver.com/recipes/turkey-recipes/leftover-turkey-salad/
892,https://www.jamieoliver.com/recipes/rice-recipes/artichoke-risotto-risotto-ai-carciofi/
893,https://www.jamieoliver.com/recipes/rice-recipes/apple-and-walnut-risotto-with-gorgonzola/
894,https://www.jamieoliver.com/recipes/lamb-recipes/andy-the-gasman-s-stew/
895,https://www.jamieoliver.com/recipes/fish-recipes/aegean-kakavia-beautiful-fish-stew/
896,https://www.jamieoliver.com/recipes/pasta-recipes/a-killer-mac-n-cheese/
897,https://www.jamieoliver.com/recipes/beef-recipes/a-cracking-burger/
898,https://www.jamieoliver.com/recipes/rice-recipes/a-basic-risotto-recipe/
899,https://www.jamieoliver.com/recipes/pasta-recipes/a-basic-recipe-for-fresh-egg-pasta/
900,https://www.jamieoliver.com/recipes/game-recipes/12-hour-rabbit-bolognese/
901,https://www.jamieoliver.com/recipes/beef-recipes/1-steak-2-sauces/
902,https://www.jamieoliver.com/recipes/fish-recipes/moqueca-baiana/
903,https://www.jamieoliver.com/recipes/pork-recipes/brazilian-feijoada/
904,https://www.jamieoliver.com/recipes/fish-recipes/tasty-fish-tacos/
905,https://www.jamieoliver.com/recipes/vegetables-recipes/delicious-squash-daal/
906,https://www.jamieoliver.com/recipes/chicken-recipes/chicken-squash-cacciatore/
907,https://www.jamieoliver.com/recipes/vegetables-recipes/apple-amp-lancashire-cheese-pie/
908,https://www.jamieoliver.com/recipes/chicken-recipes/all-in-one-rice-amp-chicken/
909,https://www.jamieoliver.com/recipes/vegetables-recipes/aubergine-daal/
